X_0,X_1,X_2,X_3,X_4,X_5,X_6,X_7,X_8,y
0.0,1.0,0.0,1.0,1.0,1.0,1.0,1.0,0.0,10829988671.831848
0.0,0.0,1.0,1.0,0.0,0.0,1.0,0.0,3.0,11271402985.343796
0.0,1.0,1.0,0.0,1.0,1.0,1.0,0.0,1.0,11835117871.856445
0.0,1.0,0.0,1.0,1.0,1.0,0.0,1.0,0.0,11115693246.882881
0.0,1.0,1.0,1.0,1.0,0.0,1.0,0.0,0.0,7744553642.650806
0.0,1.0,1.0,1.0,1.0,1.0,0.0,1.0,2.0,14014690198.265823
2.0,1.0,0.0,1.0,1.0,0.0,1.0,0.0,1.0,12835751160.993692
1.0,1.0,1.0,1.0,1.0,1.0,1.0,3.0,3.0,15072476000.850086
1.0,1.0,0.0,1.0,1.0,1.0,1.0,3.0,3.0,15103367446.80594
0.0,1.0,0.0,1.0,1.0,0.0,1.0,2.0,2.0,14193154641.516396
2.0,0.0,0.0,1.0,1.0,1.0,0.0,3.0,2.0,13704431053.692589
1.0,1.0,0.0,1.0,1.0,1.0,0.0,2.0,3.0,13904280154.559978
2.0,1.0,1.0,1.0,0.0,1.0,0.0,0.0,2.0,11958775708.378078
2.0,1.0,0.0,1.0,1.0,1.0,0.0,3.0,0.0,12422190504.229136
1.0,1.0,0.0,1.0,1.0,1.0,1.0,0.0,3.0,13244489299.11487
2.0,0.0,1.0,0.0,1.0,1.0,1.0,2.0,3.0,14498805298.443407
1.0,0.0,1.0,1.0,1.0,0.0,1.0,2.0,0.0,14878826834.261774
0.0,1.0,1.0,1.0,0.0,1.0,0.0,2.0,0.0,13184350176.340683
2.0,1.0,1.0,1.0,1.0,1.0,1.0,1.0,2.0,14515768479.29906
0.0,1.0,1.0,1.0,1.0,1.0,1.0,2.0,1.0,15148485454.424267
1.0,1.0,1.0,1.0,1.0,1.0,0.0,0.0,3.0,11563514337.02325
2.0,0.0,0.0,0.0,1.0,0.0,0.0,0.0,0.0,1619850293.4358807
1.0,1.0,1.0,1.0,1.0,1.0,1.0,3.0,2.0,15227537478.77662
2.0,1.0,1.0,1.0,1.0,0.0,0.0,3.0,0.0,12714137867.025375
0.0,1.0,1.0,0.0,0.0,1.0,1.0,3.0,2.0,13712530510.380384
0.0,1.0,1.0,1.0,0.0,1.0,1.0,2.0,1.0,14204444570.706173
1.0,1.0,0.0,1.0,1.0,0.0,1.0,2.0,3.0,14288735332.61318
2.0,1.0,1.0,1.0,1.0,0.0,1.0,1.0,2.0,14395593796.65072
1.0,1.0,0.0,1.0,1.0,1.0,1.0,2.0,3.0,15034451445.487333
2.0,1.0,0.0,0.0,0.0,1.0,1.0,3.0,2.0,14177780865.38339
2.0,1.0,1.0,0.0,1.0,1.0,1.0,2.0,2.0,15278348593.857187
1.0,1.0,1.0,0.0,1.0,1.0,1.0,0.0,1.0,14874621812.74041
2.0,0.0,1.0,1.0,1.0,1.0,1.0,0.0,3.0,13280265392.82361
0.0,1.0,1.0,0.0,1.0,1.0,0.0,0.0,3.0,11308622485.386433
0.0,1.0,1.0,0.0,0.0,0.0,1.0,0.0,2.0,11533320339.125751
0.0,1.0,1.0,1.0,1.0,0.0,1.0,1.0,1.0,14823423380.68923
1.0,0.0,1.0,1.0,0.0,1.0,1.0,1.0,3.0,12977423176.899149
0.0,0.0,0.0,0.0,0.0,1.0,1.0,1.0,1.0,11067652130.41236
0.0,1.0,1.0,1.0,0.0,1.0,1.0,3.0,0.0,12470196231.00789
1.0,1.0,1.0,0.0,0.0,1.0,0.0,1.0,2.0,12658099664.813522
2.0,1.0,1.0,1.0,0.0,1.0,1.0,0.0,2.0,13903816180.427042
1.0,1.0,1.0,1.0,1.0,1.0,0.0,3.0,3.0,14471780028.94356
2.0,0.0,1.0,0.0,1.0,0.0,0.0,2.0,0.0,11667290866.728037
1.0,1.0,1.0,0.0,1.0,1.0,0.0,3.0,2.0,14092347150.879715
0.0,1.0,0.0,1.0,1.0,1.0,0.0,2.0,3.0,14166071691.655617
0.0,1.0,1.0,1.0,0.0,1.0,1.0,2.0,3.0,14334040479.330315
2.0,1.0,0.0,1.0,1.0,0.0,0.0,0.0,1.0,10199294208.840748
1.0,1.0,1.0,1.0,1.0,1.0,0.0,2.0,1.0,14563969322.455019
1.0,1.0,0.0,0.0,1.0,1.0,1.0,2.0,3.0,14594342940.789293
0.0,1.0,1.0,0.0,1.0,0.0,1.0,1.0,0.0,10499448253.994251
0.0,0.0,1.0,1.0,0.0,1.0,0.0,1.0,3.0,12057461036.314661
2.0,1.0,0.0,1.0,1.0,1.0,0.0,1.0,2.0,13026006421.821165
2.0,0.0,1.0,1.0,0.0,1.0,1.0,2.0,0.0,14474943149.660782
2.0,1.0,1.0,1.0,1.0,0.0,0.0,0.0,1.0,10890802281.840895
0.0,1.0,1.0,1.0,1.0,1.0,1.0,3.0,1.0,13789280489.133356
0.0,1.0,1.0,0.0,1.0,0.0,1.0,0.0,0.0,6206361520.558573
2.0,0.0,0.0,1.0,1.0,1.0,1.0,1.0,2.0,13753001592.597586
2.0,1.0,1.0,1.0,1.0,1.0,1.0,2.0,1.0,15929350146.231434
2.0,1.0,1.0,1.0,1.0,0.0,0.0,1.0,0.0,10346654305.863657
1.0,1.0,1.0,0.0,0.0,1.0,0.0,0.0,1.0,10312116840.40865
0.0,1.0,1.0,1.0,1.0,1.0,1.0,1.0,2.0,14097711236.580742
0.0,1.0,0.0,1.0,1.0,0.0,1.0,0.0,2.0,11969296360.974827
2.0,1.0,1.0,0.0,1.0,1.0,0.0,2.0,3.0,13784129504.653522
2.0,1.0,1.0,1.0,1.0,1.0,1.0,3.0,1.0,15804679449.491407
1.0,1.0,1.0,0.0,1.0,1.0,0.0,0.0,0.0,6218480079.099067
0.0,1.0,1.0,0.0,0.0,1.0,1.0,0.0,0.0,6003554104.029585
0.0,0.0,1.0,1.0,1.0,1.0,1.0,3.0,2.0,14151777817.088272
2.0,1.0,0.0,1.0,1.0,1.0,1.0,3.0,1.0,15331051050.866896
0.0,1.0,0.0,1.0,1.0,1.0,1.0,3.0,0.0,12835751160.993692
1.0,1.0,1.0,1.0,1.0,1.0,1.0,2.0,3.0,15872839508.132448
1.0,0.0,1.0,1.0,1.0,1.0,1.0,0.0,3.0,14095406166.176382
2.0,1.0,1.0,1.0,0.0,1.0,1.0,0.0,2.0,14045358079.381556
1.0,0.0,1.0,1.0,1.0,1.0,1.0,0.0,0.0,12317273251.316717
0.0,1.0,0.0,0.0,1.0,0.0,1.0,1.0,3.0,11817746710.23476
0.0,1.0,1.0,0.0,1.0,1.0,1.0,1.0,2.0,13829154623.777847
1.0,1.0,1.0,1.0,1.0,1.0,1.0,1.0,0.0,15864982651.64147
0.0,1.0,0.0,1.0,1.0,1.0,1.0,3.0,3.0,13561013712.897066
2.0,0.0,0.0,1.0,1.0,1.0,1.0,3.0,1.0,13712605724.190134
0.0,0.0,1.0,1.0,1.0,1.0,1.0,1.0,2.0,13743003093.549995
1.0,1.0,0.0,1.0,0.0,1.0,1.0,1.0,2.0,14390518375.252914
2.0,1.0,1.0,0.0,0.0,1.0,0.0,2.0,2.0,14087701577.399946
2.0,1.0,1.0,1.0,1.0,1.0,0.0,3.0,0.0,12477742826.233706
0.0,1.0,1.0,1.0,1.0,1.0,0.0,1.0,0.0,11913313962.28483
0.0,1.0,1.0,0.0,1.0,1.0,1.0,0.0,0.0,7765120631.149005
1.0,1.0,0.0,1.0,1.0,1.0,1.0,0.0,2.0,15012017119.704325
2.0,1.0,1.0,1.0,1.0,1.0,1.0,1.0,1.0,15052941194.179932
2.0,1.0,0.0,1.0,1.0,1.0,1.0,0.0,3.0,13070067323.916784
2.0,0.0,1.0,1.0,0.0,1.0,1.0,1.0,1.0,14223092043.31785
0.0,1.0,1.0,1.0,1.0,1.0,1.0,3.0,1.0,13677476888.483427
2.0,1.0,1.0,1.0,1.0,1.0,1.0,1.0,3.0,14522261174.153862
0.0,0.0,1.0,1.0,0.0,1.0,0.0,2.0,1.0,13585184541.146809
2.0,1.0,1.0,1.0,1.0,1.0,1.0,3.0,3.0,15302944745.657406
2.0,1.0,1.0,0.0,0.0,1.0,0.0,0.0,1.0,9938974695.370426
0.0,1.0,1.0,1.0,1.0,1.0,1.0,2.0,2.0,15847508930.071281
2.0,0.0,1.0,1.0,1.0,1.0,1.0,0.0,2.0,13446770287.478502
0.0,0.0,1.0,1.0,1.0,1.0,0.0,1.0,1.0,14403991634.16166
2.0,1.0,1.0,1.0,0.0,1.0,1.0,0.0,0.0,11838060073.41965
1.0,0.0,0.0,1.0,1.0,0.0,0.0,2.0,2.0,13885706747.759195
0.0,0.0,1.0,1.0,1.0,1.0,0.0,3.0,1.0,11878826466.975676
0.0,1.0,1.0,1.0,1.0,1.0,1.0,0.0,2.0,13419378387.55433
1.0,1.0,1.0,1.0,1.0,0.0,1.0,2.0,1.0,16215287124.089106
2.0,0.0,1.0,0.0,0.0,1.0,1.0,0.0,1.0,11607890115.069016
0.0,1.0,1.0,1.0,1.0,1.0,1.0,2.0,1.0,15007150907.40738
0.0,1.0,0.0,1.0,1.0,1.0,1.0,2.0,1.0,14778842018.612473
0.0,1.0,0.0,0.0,1.0,1.0,0.0,0.0,2.0,11691120593.908926
2.0,1.0,1.0,1.0,1.0,0.0,0.0,1.0,2.0,13361213732.655474
0.0,0.0,1.0,0.0,1.0,1.0,0.0,0.0,2.0,11607229911.367193
1.0,1.0,1.0,1.0,1.0,1.0,0.0,1.0,2.0,13772833636.56522
1.0,1.0,1.0,1.0,1.0,1.0,1.0,0.0,1.0,15666712622.357025
2.0,0.0,1.0,1.0,0.0,1.0,0.0,0.0,3.0,10395312961.292013
2.0,0.0,1.0,1.0,1.0,1.0,0.0,0.0,0.0,6111684930.418467
0.0,1.0,1.0,1.0,1.0,1.0,1.0,1.0,2.0,13830416959.410492
1.0,1.0,0.0,1.0,0.0,1.0,1.0,3.0,3.0,14080045056.14418
2.0,1.0,0.0,1.0,1.0,0.0,0.0,3.0,3.0,12321431651.786486
2.0,1.0,1.0,0.0,1.0,1.0,1.0,3.0,0.0,14500655429.625418
2.0,1.0,1.0,1.0,0.0,1.0,1.0,2.0,1.0,15070431662.374104
1.0,1.0,1.0,1.0,0.0,1.0,0.0,1.0,0.0,10515534599.263493
2.0,1.0,0.0,1.0,1.0,1.0,1.0,0.0,3.0,12840398976.87701
1.0,1.0,1.0,1.0,1.0,0.0,1.0,3.0,1.0,15123376505.532131
0.0,1.0,1.0,1.0,1.0,1.0,1.0,2.0,3.0,14249500198.780527
0.0,1.0,1.0,1.0,1.0,1.0,1.0,1.0,3.0,13229665673.118774
0.0,1.0,1.0,1.0,1.0,1.0,0.0,1.0,0.0,11459308568.239609
1.0,1.0,1.0,1.0,0.0,1.0,1.0,0.0,3.0,13320350431.77916
1.0,1.0,1.0,0.0,0.0,1.0,0.0,0.0,3.0,10684388505.734846
2.0,0.0,1.0,1.0,1.0,1.0,0.0,3.0,2.0,13766178701.51896
0.0,1.0,1.0,1.0,1.0,1.0,1.0,2.0,0.0,14460730440.416006
0.0,1.0,1.0,1.0,1.0,0.0,1.0,1.0,1.0,14639637991.031757
0.0,1.0,1.0,1.0,1.0,1.0,1.0,2.0,3.0,13822617119.034851
2.0,1.0,1.0,1.0,1.0,0.0,0.0,1.0,0.0,10583914566.641617
0.0,1.0,1.0,1.0,0.0,1.0,1.0,0.0,0.0,7219330479.29135
1.0,1.0,1.0,0.0,1.0,0.0,1.0,1.0,1.0,15671205570.173307
2.0,0.0,1.0,1.0,0.0,1.0,1.0,3.0,2.0,14103636340.557686
1.0,0.0,1.0,1.0,1.0,0.0,1.0,0.0,0.0,10890102530.315323
2.0,0.0,1.0,1.0,0.0,1.0,1.0,1.0,0.0,12220292773.774273
2.0,0.0,0.0,1.0,1.0,1.0,1.0,2.0,3.0,14446232567.00885
1.0,1.0,1.0,1.0,0.0,1.0,1.0,1.0,0.0,14778186805.148129
2.0,0.0,1.0,1.0,1.0,1.0,1.0,1.0,2.0,14313318542.904173
0.0,1.0,0.0,0.0,0.0,0.0,0.0,0.0,2.0,10075333266.836134
1.0,1.0,1.0,1.0,1.0,1.0,1.0,2.0,3.0,15824387279.72453
1.0,1.0,0.0,1.0,1.0,1.0,1.0,0.0,2.0,14129921805.012732
2.0,1.0,1.0,1.0,1.0,0.0,1.0,2.0,1.0,15150114913.62162
2.0,1.0,0.0,1.0,1.0,1.0,1.0,2.0,0.0,15159761142.803434
1.0,1.0,1.0,0.0,1.0,1.0,0.0,1.0,2.0,12976463290.882996
1.0,1.0,1.0,1.0,1.0,1.0,0.0,2.0,3.0,14052976912.364231
0.0,1.0,1.0,1.0,0.0,1.0,1.0,3.0,3.0,14320636179.941658
1.0,1.0,1.0,1.0,1.0,1.0,0.0,0.0,1.0,11742671105.396345
0.0,1.0,1.0,1.0,1.0,1.0,1.0,1.0,0.0,12442484614.867773
2.0,0.0,1.0,1.0,1.0,0.0,0.0,2.0,1.0,13694709322.947266
1.0,1.0,1.0,1.0,1.0,1.0,1.0,0.0,2.0,15111309908.788132
2.0,1.0,1.0,0.0,1.0,1.0,1.0,0.0,0.0,11461738424.790365
2.0,1.0,1.0,0.0,1.0,1.0,0.0,3.0,0.0,12513561572.354038
0.0,1.0,0.0,1.0,1.0,1.0,0.0,1.0,0.0,10871987779.885736
1.0,0.0,0.0,1.0,1.0,0.0,1.0,3.0,1.0,13345451002.843914
1.0,1.0,1.0,0.0,0.0,1.0,1.0,2.0,1.0,15248016614.238901
1.0,1.0,1.0,1.0,1.0,1.0,0.0,2.0,3.0,13740416059.79829
1.0,1.0,1.0,1.0,0.0,0.0,1.0,0.0,2.0,13620192752.96784
2.0,0.0,1.0,0.0,1.0,1.0,0.0,3.0,0.0,11742271237.07176
1.0,1.0,1.0,1.0,0.0,1.0,1.0,3.0,3.0,14657190304.561756
2.0,1.0,1.0,1.0,1.0,1.0,1.0,0.0,1.0,14508144872.531439
1.0,1.0,0.0,1.0,1.0,1.0,1.0,2.0,2.0,15385988288.185717
2.0,0.0,1.0,0.0,1.0,1.0,0.0,3.0,3.0,13025293818.065302
1.0,1.0,1.0,1.0,0.0,1.0,1.0,0.0,0.0,12295616121.028208
1.0,1.0,1.0,1.0,0.0,0.0,0.0,1.0,1.0,13569165428.480322
0.0,1.0,0.0,1.0,0.0,1.0,1.0,3.0,1.0,12908055917.698235
2.0,1.0,1.0,0.0,1.0,0.0,1.0,3.0,1.0,14509155276.979774
2.0,1.0,1.0,1.0,0.0,1.0,1.0,0.0,2.0,13468757197.367126
2.0,0.0,1.0,0.0,0.0,1.0,1.0,2.0,3.0,13852123045.63859
2.0,1.0,1.0,1.0,1.0,1.0,1.0,3.0,3.0,15338505477.380306
2.0,1.0,1.0,1.0,1.0,1.0,1.0,1.0,0.0,13730944881.241056
0.0,1.0,0.0,1.0,0.0,1.0,1.0,3.0,0.0,11787671039.106777
2.0,1.0,1.0,1.0,0.0,1.0,1.0,1.0,1.0,14726651262.589447
1.0,1.0,1.0,1.0,1.0,0.0,1.0,1.0,2.0,14933352448.024466
1.0,1.0,1.0,1.0,0.0,1.0,0.0,2.0,1.0,14254435980.477125
0.0,0.0,0.0,1.0,1.0,0.0,1.0,2.0,2.0,13985290271.692234
0.0,1.0,1.0,1.0,1.0,1.0,1.0,2.0,1.0,15106812719.332037
1.0,1.0,1.0,1.0,1.0,1.0,1.0,1.0,1.0,17630558694.77448
2.0,1.0,0.0,0.0,0.0,1.0,1.0,2.0,1.0,13490088157.726112
0.0,1.0,1.0,1.0,1.0,0.0,1.0,2.0,3.0,12740395334.46723
2.0,1.0,0.0,1.0,1.0,1.0,1.0,3.0,1.0,14214479437.334045
0.0,1.0,1.0,0.0,1.0,1.0,0.0,3.0,1.0,12597441207.741884
1.0,1.0,1.0,1.0,1.0,1.0,0.0,3.0,1.0,13053432922.324242
0.0,1.0,1.0,0.0,1.0,1.0,0.0,2.0,0.0,13517367790.004988
1.0,0.0,0.0,0.0,0.0,1.0,1.0,2.0,2.0,14281185109.865158
0.0,1.0,1.0,1.0,0.0,1.0,1.0,1.0,0.0,11532602089.476847
1.0,1.0,1.0,1.0,1.0,1.0,0.0,1.0,0.0,12054278002.99187
1.0,1.0,0.0,1.0,1.0,1.0,1.0,1.0,0.0,15170478249.32681
0.0,0.0,1.0,1.0,1.0,1.0,1.0,2.0,1.0,14930141866.208012
0.0,1.0,1.0,0.0,1.0,1.0,1.0,2.0,0.0,13997917109.93404
2.0,1.0,1.0,1.0,1.0,1.0,1.0,0.0,3.0,13585369100.893103
0.0,1.0,1.0,0.0,1.0,1.0,1.0,2.0,0.0,13731963066.512136
0.0,0.0,1.0,1.0,0.0,1.0,1.0,1.0,0.0,10887754868.731785
0.0,0.0,1.0,0.0,1.0,0.0,0.0,0.0,0.0,3292105202.513851
1.0,1.0,1.0,1.0,1.0,0.0,1.0,3.0,0.0,13662807379.009008
1.0,1.0,1.0,1.0,1.0,1.0,1.0,3.0,0.0,15432670345.815277
2.0,1.0,1.0,0.0,0.0,1.0,1.0,2.0,1.0,13767012585.802904
2.0,1.0,0.0,1.0,1.0,0.0,0.0,2.0,2.0,13967533864.285854
1.0,1.0,1.0,0.0,1.0,1.0,1.0,3.0,2.0,14792899408.284023
0.0,0.0,0.0,0.0,1.0,1.0,1.0,3.0,0.0,12035490253.659992
0.0,1.0,1.0,1.0,0.0,0.0,1.0,2.0,2.0,14359934633.577549
1.0,0.0,1.0,0.0,1.0,1.0,0.0,2.0,1.0,13494675675.712149
1.0,1.0,1.0,1.0,1.0,1.0,1.0,0.0,0.0,14263788804.637444
1.0,1.0,1.0,1.0,1.0,1.0,1.0,0.0,3.0,14515642055.879416
1.0,0.0,0.0,0.0,1.0,0.0,0.0,2.0,1.0,12017367499.510292
2.0,1.0,1.0,1.0,1.0,0.0,0.0,1.0,1.0,14095922754.343307
2.0,1.0,1.0,0.0,0.0,1.0,0.0,0.0,1.0,10228912840.456577
2.0,1.0,1.0,1.0,1.0,1.0,1.0,2.0,0.0,14384742966.220308
0.0,1.0,1.0,0.0,0.0,1.0,0.0,0.0,3.0,10831501906.88591
2.0,1.0,1.0,0.0,0.0,1.0,0.0,1.0,2.0,12684319010.623117
1.0,1.0,1.0,1.0,1.0,1.0,1.0,3.0,0.0,15834385000.403776
1.0,1.0,1.0,1.0,1.0,1.0,1.0,3.0,2.0,15595928215.061611
1.0,1.0,1.0,0.0,1.0,0.0,1.0,0.0,1.0,14004896111.680643
2.0,1.0,1.0,1.0,0.0,1.0,0.0,3.0,2.0,13545491857.12757
0.0,1.0,1.0,1.0,0.0,1.0,1.0,1.0,1.0,14576855743.06251
1.0,1.0,0.0,1.0,1.0,1.0,0.0,3.0,0.0,12080227204.913269
1.0,1.0,1.0,0.0,1.0,1.0,0.0,1.0,2.0,13277356000.435497
0.0,1.0,1.0,0.0,1.0,1.0,1.0,1.0,2.0,13583376120.968113
0.0,1.0,1.0,1.0,1.0,1.0,1.0,1.0,3.0,13225816264.315292
1.0,1.0,1.0,1.0,0.0,1.0,0.0,2.0,0.0,12701670777.774109
2.0,1.0,1.0,1.0,1.0,0.0,1.0,0.0,2.0,13695515814.21211
0.0,1.0,0.0,0.0,0.0,1.0,0.0,0.0,1.0,9201917679.644438
1.0,1.0,1.0,1.0,1.0,1.0,1.0,3.0,1.0,15790678762.326597
1.0,1.0,1.0,1.0,1.0,0.0,1.0,1.0,2.0,14598327031.722164
0.0,1.0,1.0,0.0,0.0,1.0,1.0,0.0,2.0,11783642889.632044
0.0,1.0,0.0,1.0,0.0,1.0,1.0,1.0,2.0,12918694901.766243
0.0,0.0,0.0,1.0,0.0,1.0,1.0,2.0,2.0,13559965557.687483
0.0,0.0,1.0,1.0,1.0,1.0,0.0,2.0,1.0,13743550838.768908
2.0,1.0,1.0,0.0,1.0,0.0,1.0,0.0,0.0,10632890934.184532
0.0,1.0,0.0,0.0,0.0,0.0,0.0,0.0,0.0,2751497562.180254
1.0,1.0,0.0,0.0,0.0,0.0,0.0,0.0,0.0,5111958755.732292
2.0,1.0,0.0,0.0,0.0,0.0,0.0,0.0,0.0,5492386746.144499
0.0,1.0,1.0,0.0,0.0,0.0,0.0,0.0,0.0,5838252194.436778
1.0,1.0,1.0,0.0,0.0,0.0,0.0,0.0,0.0,9157643713.790216
2.0,1.0,1.0,0.0,0.0,0.0,0.0,0.0,0.0,8725917881.017065
0.0,1.0,1.0,1.0,0.0,0.0,0.0,0.0,0.0,8793320381.554344
1.0,1.0,1.0,1.0,0.0,0.0,0.0,0.0,0.0,12705257909.722488
2.0,1.0,1.0,1.0,0.0,0.0,0.0,0.0,0.0,10756377585.89932
2.0,1.0,0.0,0.0,0.0,0.0,0.0,1.0,0.0,10860100930.50205
2.0,1.0,0.0,0.0,0.0,0.0,0.0,2.0,0.0,13266987723.033262
0.0,1.0,0.0,0.0,0.0,0.0,0.0,1.0,0.0,9909170265.975996
1.0,1.0,0.0,0.0,0.0,0.0,0.0,2.0,0.0,14322613248.733103
0.0,0.0,0.0,0.0,0.0,0.0,0.0,1.0,0.0,8498732877.373275
0.0,0.0,0.0,0.0,0.0,0.0,0.0,2.0,0.0,11750487231.831547
0.0,0.0,0.0,0.0,0.0,0.0,0.0,1.0,1.0,12798179535.467672
0.0,0.0,0.0,0.0,0.0,0.0,0.0,2.0,2.0,15251088619.069136
2.0,1.0,0.0,0.0,0.0,0.0,0.0,0.0,0.0,5492368456.744541
2.0,1.0,1.0,0.0,0.0,0.0,0.0,0.0,0.0,8725809067.483562
2.0,1.0,1.0,1.0,0.0,0.0,0.0,0.0,0.0,10756377585.89932
2.0,1.0,1.0,1.0,1.0,0.0,0.0,0.0,0.0,12877238669.53101
2.0,1.0,1.0,1.0,1.0,1.0,1.0,0.0,0.0,17276238156.558975
2.0,1.0,1.0,0.0,1.0,0.0,1.0,1.0,1.0,14023081992.960411
0.0,1.0,0.0,0.0,1.0,1.0,1.0,1.0,0.0,10662526762.942175
2.0,1.0,0.0,1.0,0.0,1.0,1.0,3.0,1.0,13379358325.974688
0.0,1.0,0.0,1.0,1.0,1.0,1.0,1.0,3.0,12292321232.772312
1.0,0.0,0.0,1.0,1.0,1.0,0.0,1.0,1.0,13404268723.41766
0.0,1.0,1.0,1.0,1.0,1.0,0.0,1.0,1.0,14911863431.18995
1.0,1.0,1.0,0.0,1.0,1.0,1.0,3.0,3.0,14253216951.065857
1.0,0.0,1.0,1.0,1.0,0.0,1.0,2.0,3.0,14427994927.116983
0.0,0.0,0.0,0.0,1.0,0.0,0.0,0.0,2.0,10298586930.887213
0.0,0.0,1.0,1.0,0.0,0.0,1.0,2.0,1.0,13549235890.841936
1.0,1.0,1.0,1.0,1.0,1.0,1.0,3.0,2.0,15386698506.874779
1.0,1.0,1.0,0.0,1.0,0.0,1.0,2.0,3.0,14568255189.2125
1.0,1.0,1.0,1.0,1.0,1.0,1.0,1.0,3.0,14982687504.58845
0.0,0.0,1.0,1.0,1.0,1.0,1.0,3.0,1.0,13434937285.712751
2.0,1.0,1.0,1.0,1.0,0.0,0.0,2.0,2.0,14628566078.695833
2.0,1.0,1.0,1.0,0.0,1.0,0.0,0.0,1.0,11193557883.566849
2.0,0.0,1.0,0.0,1.0,1.0,1.0,2.0,2.0,14193940322.997305
0.0,0.0,0.0,1.0,0.0,1.0,1.0,1.0,0.0,9632519385.445263
2.0,0.0,1.0,1.0,1.0,1.0,1.0,0.0,2.0,12910472329.630178
1.0,1.0,1.0,0.0,0.0,0.0,1.0,1.0,0.0,12468874571.85002
2.0,1.0,1.0,0.0,1.0,1.0,1.0,0.0,3.0,12362391133.693079
0.0,1.0,1.0,1.0,1.0,1.0,1.0,1.0,1.0,16077609838.211012
1.0,1.0,1.0,1.0,1.0,1.0,1.0,3.0,3.0,14602100074.032648
1.0,1.0,1.0,0.0,0.0,1.0,1.0,3.0,2.0,14662090139.59776
2.0,1.0,0.0,1.0,1.0,0.0,1.0,1.0,3.0,13438548206.760126
0.0,0.0,1.0,1.0,1.0,1.0,1.0,2.0,0.0,13720451293.083933
0.0,0.0,1.0,1.0,1.0,0.0,1.0,0.0,2.0,12422560861.231298
0.0,1.0,1.0,1.0,1.0,1.0,0.0,2.0,0.0,13786295870.452936
2.0,1.0,1.0,1.0,1.0,1.0,1.0,2.0,0.0,14399200556.385109
2.0,1.0,0.0,0.0,1.0,0.0,0.0,3.0,0.0,10880623242.099306
2.0,0.0,1.0,1.0,0.0,1.0,1.0,1.0,2.0,13323686983.956947
1.0,1.0,1.0,1.0,1.0,1.0,0.0,0.0,3.0,11831169215.2977
0.0,1.0,1.0,1.0,1.0,1.0,0.0,2.0,1.0,14286387786.85281
2.0,1.0,1.0,0.0,0.0,1.0,1.0,1.0,3.0,13506559460.602041
2.0,1.0,1.0,1.0,0.0,1.0,1.0,2.0,3.0,15017968999.908392
1.0,0.0,1.0,1.0,1.0,1.0,1.0,1.0,0.0,14586168519.839378
1.0,1.0,1.0,1.0,0.0,1.0,1.0,2.0,3.0,15274754649.253447
1.0,1.0,0.0,1.0,1.0,1.0,1.0,1.0,0.0,14821951309.889946
0.0,1.0,0.0,0.0,0.0,1.0,1.0,0.0,0.0,4992984856.276931
2.0,1.0,1.0,1.0,1.0,1.0,1.0,2.0,0.0,15049135427.169708
0.0,0.0,1.0,0.0,1.0,0.0,1.0,3.0,0.0,12300183518.7381
1.0,1.0,1.0,1.0,1.0,1.0,1.0,1.0,0.0,16239592451.187845
2.0,0.0,0.0,0.0,0.0,1.0,1.0,1.0,1.0,12689099302.353321
2.0,0.0,1.0,1.0,0.0,1.0,0.0,1.0,2.0,12790717009.223387
0.0,1.0,1.0,1.0,1.0,1.0,1.0,3.0,0.0,14221635658.760386
1.0,1.0,1.0,0.0,1.0,0.0,1.0,3.0,1.0,14401834217.605953
0.0,1.0,0.0,1.0,1.0,0.0,1.0,2.0,0.0,12808082412.325474
1.0,1.0,1.0,1.0,1.0,1.0,1.0,0.0,2.0,15203575881.047222
2.0,1.0,0.0,1.0,1.0,1.0,1.0,1.0,1.0,15097712394.617968
1.0,0.0,0.0,0.0,1.0,1.0,1.0,0.0,2.0,12894540709.354473
1.0,0.0,1.0,1.0,1.0,1.0,0.0,0.0,1.0,11478960786.722055
1.0,1.0,1.0,1.0,1.0,0.0,0.0,1.0,3.0,11496525749.918375
1.0,0.0,1.0,1.0,1.0,1.0,0.0,2.0,2.0,14357811008.1337
1.0,1.0,1.0,1.0,1.0,0.0,0.0,1.0,2.0,13164009072.635054
2.0,1.0,0.0,0.0,1.0,1.0,1.0,0.0,0.0,10542740269.050732
0.0,1.0,1.0,1.0,1.0,0.0,1.0,0.0,3.0,11645632713.048117
1.0,1.0,1.0,0.0,0.0,1.0,1.0,3.0,0.0,14371553521.821047
2.0,0.0,0.0,0.0,1.0,1.0,1.0,2.0,0.0,12831600639.526976
0.0,1.0,1.0,1.0,0.0,0.0,1.0,3.0,0.0,12484488023.630638
2.0,1.0,1.0,0.0,1.0,1.0,1.0,2.0,2.0,15099786942.006248
0.0,1.0,1.0,0.0,1.0,1.0,1.0,3.0,1.0,12988227470.62063
1.0,1.0,1.0,1.0,0.0,1.0,1.0,3.0,1.0,14768125659.027607
2.0,1.0,1.0,1.0,1.0,1.0,1.0,0.0,0.0,12421881890.262611
1.0,1.0,1.0,0.0,0.0,0.0,1.0,3.0,0.0,13567950330.447432
2.0,1.0,0.0,1.0,1.0,1.0,1.0,0.0,0.0,11746671287.02404
1.0,1.0,1.0,1.0,0.0,1.0,1.0,0.0,0.0,12210772587.792402
2.0,0.0,1.0,1.0,0.0,1.0,1.0,3.0,1.0,13292286751.84364
1.0,1.0,0.0,0.0,1.0,1.0,1.0,2.0,1.0,15542938143.76907
0.0,1.0,1.0,1.0,0.0,0.0,0.0,2.0,0.0,12373817991.036406
0.0,0.0,0.0,1.0,1.0,1.0,1.0,3.0,3.0,12266206111.514534
2.0,0.0,1.0,1.0,1.0,1.0,1.0,3.0,3.0,15121089686.207148
1.0,1.0,1.0,1.0,1.0,0.0,1.0,1.0,3.0,14354884321.164698
1.0,1.0,1.0,1.0,1.0,0.0,1.0,2.0,1.0,16284841418.21427
0.0,1.0,0.0,0.0,1.0,0.0,1.0,2.0,0.0,12649245282.780205
2.0,0.0,1.0,1.0,0.0,1.0,0.0,3.0,1.0,12248762568.76149
1.0,1.0,1.0,1.0,1.0,1.0,0.0,2.0,0.0,13861550830.306894
2.0,1.0,0.0,0.0,1.0,1.0,1.0,1.0,2.0,13575059899.951809
0.0,0.0,1.0,0.0,1.0,0.0,0.0,2.0,1.0,13532935104.163002
1.0,0.0,1.0,1.0,0.0,0.0,1.0,2.0,3.0,13145579404.557837
2.0,1.0,0.0,0.0,1.0,1.0,1.0,3.0,2.0,14000308006.776148
0.0,1.0,0.0,0.0,0.0,1.0,1.0,3.0,2.0,13125943427.183828
0.0,1.0,1.0,0.0,1.0,0.0,1.0,2.0,1.0,13709391069.976845
0.0,1.0,0.0,1.0,1.0,0.0,1.0,3.0,2.0,13340679600.900229
0.0,1.0,1.0,1.0,1.0,1.0,0.0,1.0,0.0,11201155959.295
1.0,0.0,0.0,1.0,0.0,1.0,0.0,2.0,0.0,11522688750.283745
2.0,1.0,1.0,0.0,0.0,0.0,0.0,3.0,3.0,10983169391.224886
2.0,0.0,0.0,1.0,0.0,0.0,1.0,3.0,3.0,12601108141.449959
1.0,0.0,0.0,0.0,0.0,1.0,1.0,3.0,3.0,12257064972.250004
2.0,0.0,1.0,1.0,0.0,0.0,0.0,2.0,0.0,11012924768.508322
0.0,0.0,1.0,1.0,1.0,0.0,0.0,1.0,1.0,12667865046.700085
0.0,0.0,1.0,0.0,1.0,0.0,0.0,3.0,0.0,10448185359.16682
0.0,1.0,1.0,0.0,0.0,0.0,0.0,2.0,0.0,11352245417.38233
0.0,1.0,0.0,1.0,1.0,1.0,0.0,1.0,0.0,10275982049.914555
0.0,1.0,0.0,0.0,1.0,0.0,0.0,1.0,1.0,12184957913.155367
1.0,1.0,1.0,1.0,1.0,1.0,0.0,2.0,2.0,14754441824.711329
1.0,0.0,0.0,1.0,0.0,1.0,1.0,3.0,0.0,12850612909.982742
2.0,0.0,1.0,1.0,0.0,0.0,1.0,2.0,0.0,12711988294.801178
2.0,1.0,0.0,1.0,1.0,1.0,0.0,0.0,0.0,5989960825.6562
0.0,0.0,1.0,0.0,0.0,1.0,0.0,1.0,1.0,12144942603.001259
2.0,0.0,1.0,0.0,1.0,0.0,0.0,2.0,2.0,13468630213.370039
2.0,0.0,1.0,1.0,0.0,0.0,0.0,1.0,0.0,8071025020.177562
0.0,0.0,0.0,0.0,1.0,1.0,0.0,3.0,1.0,10984846404.38515
2.0,0.0,1.0,1.0,1.0,1.0,0.0,2.0,3.0,12476170514.317654
0.0,0.0,1.0,1.0,0.0,1.0,1.0,3.0,2.0,13502784274.117321
1.0,0.0,1.0,0.0,1.0,0.0,1.0,2.0,0.0,13489251090.268719
0.0,1.0,0.0,1.0,0.0,1.0,1.0,1.0,0.0,10229007008.915602
1.0,0.0,1.0,1.0,1.0,1.0,0.0,2.0,2.0,13985779259.648788
1.0,1.0,0.0,0.0,0.0,1.0,1.0,1.0,0.0,11839826096.634293
0.0,0.0,1.0,1.0,0.0,0.0,0.0,2.0,0.0,11398700320.189491
1.0,0.0,1.0,0.0,1.0,0.0,0.0,2.0,2.0,13423107073.440504
0.0,0.0,0.0,1.0,0.0,1.0,1.0,2.0,0.0,11898288669.140718
1.0,1.0,0.0,1.0,0.0,0.0,0.0,1.0,2.0,12043389925.222591
1.0,1.0,0.0,0.0,0.0,0.0,0.0,1.0,1.0,11138350566.21805
0.0,1.0,1.0,1.0,0.0,1.0,0.0,2.0,0.0,12917092930.73338
1.0,0.0,1.0,0.0,0.0,0.0,0.0,3.0,2.0,11844664334.057436
1.0,0.0,1.0,1.0,1.0,1.0,1.0,1.0,2.0,14702487807.961985
2.0,1.0,1.0,1.0,1.0,1.0,0.0,1.0,2.0,13293134893.415646
0.0,1.0,0.0,1.0,1.0,1.0,1.0,1.0,1.0,14337534230.862976
2.0,1.0,0.0,0.0,0.0,1.0,1.0,0.0,0.0,8819508753.362438
2.0,1.0,0.0,1.0,1.0,1.0,0.0,1.0,1.0,13461287356.755075
1.0,1.0,1.0,0.0,0.0,1.0,1.0,3.0,3.0,13202208993.60881
2.0,0.0,0.0,1.0,0.0,1.0,1.0,1.0,1.0,13313575986.569265
0.0,1.0,1.0,0.0,1.0,0.0,1.0,3.0,0.0,11763017543.364365
0.0,0.0,1.0,1.0,1.0,1.0,1.0,3.0,3.0,12672600823.212149
0.0,1.0,1.0,0.0,0.0,0.0,1.0,3.0,1.0,12127533138.4843
1.0,0.0,0.0,1.0,1.0,0.0,0.0,1.0,3.0,10650251079.669203
0.0,0.0,1.0,0.0,1.0,1.0,0.0,1.0,0.0,9252662453.621029
2.0,1.0,1.0,0.0,1.0,1.0,1.0,2.0,0.0,13912636987.301937
1.0,1.0,0.0,1.0,1.0,1.0,0.0,3.0,0.0,11749390206.648275
2.0,0.0,0.0,1.0,1.0,0.0,0.0,3.0,1.0,11503455638.073677
1.0,1.0,0.0,0.0,1.0,1.0,1.0,1.0,3.0,12966704097.21916
2.0,1.0,1.0,0.0,0.0,1.0,0.0,3.0,2.0,13326563439.106268
0.0,1.0,1.0,1.0,0.0,1.0,0.0,3.0,0.0,12158719929.965773
1.0,1.0,1.0,0.0,1.0,1.0,1.0,3.0,2.0,14772139744.44198
2.0,1.0,0.0,1.0,0.0,0.0,0.0,2.0,1.0,13885591061.0119
1.0,1.0,1.0,1.0,1.0,1.0,1.0,1.0,3.0,14914131885.668266
2.0,1.0,1.0,1.0,1.0,1.0,1.0,3.0,0.0,15954255957.319174
0.0,0.0,0.0,0.0,0.0,0.0,1.0,3.0,0.0,10565988294.998167
0.0,1.0,1.0,1.0,0.0,1.0,0.0,3.0,3.0,13018731350.667341
0.0,1.0,0.0,0.0,1.0,0.0,1.0,3.0,0.0,12027441811.236517
2.0,1.0,1.0,1.0,1.0,1.0,0.0,1.0,3.0,12550389815.107658
1.0,1.0,1.0,0.0,1.0,1.0,1.0,0.0,3.0,13826458587.682562
2.0,1.0,1.0,1.0,1.0,1.0,1.0,0.0,2.0,14751416504.76987
0.0,1.0,1.0,1.0,1.0,0.0,1.0,3.0,2.0,14396443502.597118
2.0,1.0,1.0,1.0,0.0,0.0,1.0,3.0,1.0,14748327170.99063
0.0,1.0,1.0,1.0,0.0,1.0,1.0,2.0,3.0,14236800706.145315
2.0,1.0,1.0,1.0,1.0,1.0,1.0,1.0,3.0,14917179817.652395
2.0,1.0,1.0,1.0,1.0,1.0,0.0,2.0,3.0,14243959136.930027
1.0,1.0,1.0,1.0,1.0,1.0,1.0,0.0,1.0,15673416162.11328
0.0,1.0,1.0,1.0,1.0,1.0,1.0,1.0,1.0,15929324771.852247
2.0,0.0,1.0,1.0,0.0,1.0,1.0,1.0,3.0,13084073019.59471
2.0,1.0,0.0,1.0,1.0,1.0,1.0,1.0,0.0,13042179713.411142
1.0,1.0,0.0,0.0,1.0,1.0,1.0,1.0,1.0,15903737855.50818
1.0,1.0,1.0,1.0,1.0,1.0,1.0,1.0,3.0,14522366622.954342
2.0,1.0,1.0,1.0,1.0,1.0,1.0,1.0,1.0,16695549968.1115
1.0,1.0,1.0,1.0,0.0,1.0,1.0,2.0,2.0,15478678120.888475
2.0,0.0,1.0,1.0,1.0,1.0,1.0,1.0,3.0,14463386659.839949
2.0,1.0,1.0,1.0,0.0,1.0,1.0,1.0,3.0,14397604238.654688
1.0,1.0,0.0,0.0,1.0,1.0,1.0,3.0,2.0,14770830563.8026
0.0,1.0,1.0,1.0,1.0,1.0,0.0,2.0,0.0,13526400151.49568
0.0,0.0,0.0,0.0,0.0,1.0,1.0,3.0,0.0,10884176040.66328
0.0,1.0,1.0,1.0,0.0,0.0,1.0,1.0,2.0,13236319932.441824
2.0,1.0,1.0,1.0,1.0,1.0,1.0,3.0,2.0,15380805677.362993
1.0,0.0,1.0,1.0,0.0,1.0,1.0,3.0,3.0,14551380926.049883
1.0,0.0,1.0,1.0,1.0,1.0,1.0,0.0,2.0,14246069509.422352
2.0,0.0,1.0,0.0,1.0,0.0,1.0,1.0,2.0,13120776749.983599
1.0,0.0,1.0,1.0,1.0,1.0,1.0,2.0,3.0,14938304801.171164
0.0,1.0,0.0,1.0,1.0,0.0,1.0,3.0,0.0,12655728742.172432
1.0,0.0,0.0,0.0,1.0,0.0,1.0,2.0,0.0,13004797469.786604
0.0,1.0,1.0,1.0,0.0,1.0,1.0,0.0,3.0,11392233458.761824
1.0,1.0,1.0,0.0,1.0,0.0,0.0,2.0,2.0,13871530210.112068
2.0,1.0,1.0,1.0,0.0,0.0,0.0,3.0,0.0,11872339111.996523
0.0,0.0,1.0,0.0,0.0,0.0,0.0,1.0,0.0,7423574302.555194
2.0,1.0,1.0,0.0,1.0,0.0,1.0,1.0,2.0,13657246808.30142
0.0,1.0,1.0,0.0,0.0,0.0,0.0,0.0,0.0,3211871075.4950294
1.0,1.0,0.0,1.0,0.0,0.0,1.0,3.0,0.0,13684477013.499737
2.0,1.0,0.0,1.0,1.0,0.0,1.0,2.0,1.0,14789355213.691393
1.0,1.0,0.0,0.0,0.0,1.0,1.0,2.0,3.0,14287673738.112658
2.0,0.0,1.0,0.0,1.0,0.0,0.0,2.0,3.0,13386827094.402565
2.0,0.0,1.0,0.0,0.0,0.0,1.0,0.0,0.0,7055470105.973162
0.0,0.0,0.0,0.0,0.0,0.0,0.0,2.0,0.0,9980936411.454123
1.0,1.0,0.0,1.0,1.0,1.0,0.0,2.0,1.0,14224386857.804495
0.0,0.0,0.0,1.0,0.0,1.0,0.0,1.0,0.0,8465178488.288426
1.0,1.0,0.0,1.0,0.0,0.0,0.0,0.0,0.0,3444676768.755404
0.0,1.0,0.0,0.0,0.0,0.0,0.0,3.0,0.0,10074338544.11704
0.0,0.0,1.0,1.0,0.0,0.0,0.0,1.0,0.0,8513536523.071684
1.0,0.0,1.0,1.0,1.0,1.0,1.0,1.0,2.0,15108433225.257673
2.0,1.0,1.0,1.0,1.0,0.0,0.0,1.0,0.0,10992187852.093517
2.0,0.0,0.0,1.0,1.0,0.0,1.0,1.0,1.0,13471279232.675934
0.0,0.0,0.0,0.0,0.0,0.0,0.0,3.0,1.0,11081302407.634575
0.0,0.0,0.0,0.0,1.0,1.0,0.0,1.0,1.0,12859238913.085691
1.0,1.0,1.0,0.0,0.0,0.0,0.0,3.0,0.0,10849423027.683388
1.0,0.0,1.0,1.0,0.0,1.0,1.0,1.0,3.0,13609237950.72095
1.0,0.0,0.0,0.0,0.0,1.0,1.0,3.0,2.0,13874571102.320799
0.0,0.0,0.0,1.0,0.0,1.0,0.0,1.0,0.0,8558932529.934866
2.0,0.0,0.0,0.0,1.0,1.0,1.0,2.0,0.0,12729464509.616474
0.0,1.0,0.0,1.0,1.0,0.0,1.0,2.0,1.0,14119886306.675457
2.0,1.0,1.0,0.0,1.0,1.0,0.0,3.0,3.0,12443165840.025682
1.0,0.0,1.0,1.0,1.0,1.0,1.0,3.0,1.0,15333190223.557913
1.0,1.0,0.0,1.0,0.0,1.0,1.0,3.0,1.0,14733811592.85764
0.0,0.0,1.0,1.0,0.0,1.0,0.0,3.0,2.0,13560884983.354015
0.0,1.0,1.0,0.0,0.0,1.0,1.0,2.0,2.0,14409055803.391315
2.0,0.0,1.0,1.0,0.0,1.0,0.0,2.0,0.0,12586706675.611618
1.0,1.0,1.0,0.0,1.0,1.0,1.0,2.0,3.0,14753135779.009829
0.0,1.0,0.0,1.0,0.0,1.0,1.0,3.0,2.0,13990494857.793615
2.0,1.0,1.0,1.0,1.0,0.0,1.0,0.0,0.0,11588412051.484997
0.0,0.0,1.0,1.0,0.0,0.0,1.0,3.0,1.0,12797903191.541098
0.0,0.0,0.0,0.0,1.0,1.0,0.0,3.0,3.0,11259739674.818718
1.0,0.0,0.0,1.0,1.0,1.0,0.0,2.0,3.0,13196111369.901518
1.0,1.0,1.0,1.0,1.0,1.0,1.0,2.0,2.0,16070659475.582241
2.0,1.0,0.0,0.0,0.0,0.0,0.0,3.0,1.0,11530208569.942822
1.0,1.0,1.0,1.0,0.0,0.0,1.0,1.0,0.0,13717835106.13489
0.0,1.0,1.0,0.0,0.0,0.0,0.0,1.0,2.0,12516412145.425688
0.0,0.0,0.0,1.0,1.0,0.0,1.0,1.0,1.0,13683428410.355072
1.0,0.0,0.0,1.0,1.0,0.0,1.0,3.0,0.0,12755215926.672813
0.0,1.0,0.0,1.0,1.0,0.0,1.0,3.0,0.0,12080679610.712181
0.0,1.0,0.0,1.0,1.0,1.0,0.0,2.0,2.0,14736981718.77418
1.0,0.0,1.0,0.0,1.0,0.0,1.0,1.0,3.0,12798329050.159212
2.0,0.0,1.0,0.0,1.0,0.0,0.0,3.0,0.0,11625825142.93952
1.0,0.0,1.0,0.0,1.0,0.0,0.0,2.0,3.0,12356571100.945772
1.0,1.0,1.0,1.0,1.0,1.0,0.0,2.0,0.0,13883393379.009699
0.0,1.0,0.0,1.0,0.0,0.0,1.0,3.0,0.0,11472757936.280302
1.0,0.0,0.0,1.0,0.0,1.0,1.0,3.0,1.0,13394465674.67254
1.0,0.0,0.0,1.0,0.0,1.0,0.0,3.0,0.0,10921513634.417622
1.0,1.0,0.0,1.0,0.0,0.0,0.0,3.0,3.0,12257064972.250004
1.0,1.0,1.0,0.0,0.0,0.0,0.0,3.0,3.0,13209690629.045467
2.0,0.0,0.0,1.0,1.0,1.0,1.0,1.0,0.0,12236502220.313328
0.0,0.0,0.0,0.0,1.0,1.0,1.0,0.0,0.0,4718027109.783772
2.0,1.0,1.0,1.0,0.0,1.0,1.0,2.0,0.0,14444312840.70523
1.0,0.0,1.0,0.0,0.0,0.0,0.0,1.0,3.0,10711076216.805037
2.0,1.0,1.0,0.0,1.0,0.0,1.0,2.0,0.0,14185463588.042788
0.0,1.0,1.0,0.0,1.0,0.0,1.0,3.0,3.0,13268811525.820444
1.0,1.0,0.0,0.0,0.0,0.0,0.0,1.0,3.0,11184606402.516088
0.0,1.0,1.0,0.0,0.0,0.0,1.0,2.0,3.0,13484430876.110443
1.0,1.0,1.0,0.0,1.0,0.0,1.0,1.0,1.0,15557640279.352987
2.0,0.0,0.0,1.0,0.0,1.0,1.0,1.0,1.0,13451237917.42554
2.0,1.0,1.0,0.0,1.0,0.0,0.0,2.0,0.0,12326960294.86089
0.0,0.0,1.0,0.0,0.0,1.0,1.0,1.0,0.0,9783204195.037958
2.0,0.0,1.0,0.0,0.0,0.0,0.0,3.0,3.0,11233026896.3596
1.0,1.0,1.0,1.0,0.0,0.0,1.0,0.0,0.0,11068387136.763205
2.0,1.0,1.0,0.0,0.0,1.0,1.0,1.0,1.0,14150676402.332033
2.0,1.0,1.0,0.0,1.0,1.0,0.0,1.0,3.0,12070676223.42339
2.0,1.0,0.0,1.0,0.0,1.0,1.0,0.0,0.0,10435766293.101019
1.0,0.0,1.0,0.0,1.0,1.0,1.0,2.0,2.0,14904373539.371391
2.0,0.0,1.0,1.0,0.0,1.0,0.0,3.0,1.0,12530386186.502268
2.0,1.0,1.0,1.0,0.0,1.0,1.0,3.0,3.0,14885404711.826008
0.0,1.0,1.0,0.0,1.0,0.0,1.0,2.0,0.0,12809509780.060719
0.0,0.0,0.0,1.0,0.0,0.0,0.0,3.0,0.0,10540573301.781883
2.0,1.0,0.0,0.0,0.0,0.0,0.0,2.0,0.0,10921477850.696844
2.0,0.0,0.0,1.0,1.0,0.0,1.0,1.0,2.0,12920497594.203348
2.0,1.0,0.0,0.0,0.0,1.0,0.0,2.0,0.0,11648576427.474798
1.0,0.0,0.0,1.0,1.0,0.0,0.0,3.0,2.0,12812496796.875801
2.0,1.0,1.0,1.0,1.0,1.0,0.0,2.0,0.0,13692590391.635471
1.0,0.0,1.0,0.0,1.0,1.0,1.0,3.0,0.0,14237408791.59993
2.0,0.0,1.0,0.0,0.0,1.0,1.0,3.0,0.0,12516443477.618721
2.0,1.0,1.0,0.0,0.0,0.0,1.0,3.0,1.0,13533264764.791859
2.0,1.0,0.0,1.0,0.0,0.0,0.0,3.0,1.0,12131240613.452576
1.0,0.0,1.0,0.0,0.0,0.0,1.0,2.0,3.0,13321042451.498085
2.0,1.0,0.0,1.0,1.0,1.0,0.0,3.0,0.0,12845347158.352303
0.0,1.0,1.0,0.0,1.0,0.0,1.0,1.0,0.0,10844152182.494068
0.0,0.0,0.0,1.0,1.0,1.0,1.0,1.0,0.0,10299849210.207561
0.0,0.0,1.0,0.0,1.0,1.0,1.0,1.0,2.0,13285064266.49839
0.0,1.0,0.0,0.0,1.0,0.0,0.0,3.0,3.0,11460109650.329136
0.0,0.0,0.0,0.0,1.0,0.0,0.0,2.0,1.0,12336586491.191061
2.0,1.0,0.0,1.0,1.0,1.0,1.0,1.0,0.0,13034495793.116482
1.0,1.0,1.0,0.0,0.0,1.0,0.0,1.0,2.0,12670208412.258175
0.0,1.0,0.0,0.0,1.0,1.0,1.0,1.0,0.0,10481279386.887081
1.0,1.0,0.0,0.0,0.0,0.0,0.0,1.0,0.0,7496364263.332283
2.0,0.0,0.0,1.0,1.0,0.0,0.0,3.0,0.0,10679504855.436882
2.0,1.0,1.0,0.0,1.0,1.0,0.0,3.0,0.0,11927480916.030533
1.0,0.0,0.0,1.0,0.0,0.0,0.0,2.0,1.0,12453749886.359531
0.0,1.0,0.0,0.0,0.0,0.0,0.0,2.0,1.0,12660327218.817299
0.0,0.0,0.0,0.0,0.0,1.0,0.0,3.0,1.0,11230529070.224499
0.0,1.0,1.0,0.0,1.0,1.0,0.0,3.0,1.0,12940377211.995731
2.0,0.0,1.0,1.0,1.0,1.0,1.0,2.0,1.0,15076589072.48824
1.0,0.0,0.0,0.0,1.0,1.0,1.0,2.0,3.0,13901728679.961353
2.0,1.0,1.0,0.0,1.0,0.0,0.0,1.0,2.0,12797903191.541098
2.0,1.0,0.0,0.0,1.0,0.0,1.0,0.0,0.0,9265607916.535404
0.0,1.0,1.0,1.0,0.0,0.0,0.0,1.0,0.0,9668281269.638697
1.0,0.0,0.0,1.0,1.0,1.0,0.0,1.0,0.0,9568096140.230017
1.0,0.0,1.0,0.0,0.0,1.0,1.0,1.0,0.0,12661321056.916437
1.0,0.0,1.0,0.0,1.0,1.0,0.0,2.0,1.0,13940157691.063803
0.0,1.0,0.0,1.0,1.0,0.0,1.0,3.0,0.0,11809317315.175327
0.0,0.0,1.0,1.0,0.0,0.0,0.0,2.0,2.0,13654169915.221258
0.0,0.0,1.0,0.0,0.0,1.0,0.0,1.0,0.0,8677467220.867573
1.0,0.0,1.0,1.0,1.0,1.0,1.0,3.0,3.0,14763111118.98477
1.0,1.0,0.0,1.0,1.0,0.0,0.0,3.0,2.0,13767808660.50236
2.0,0.0,0.0,1.0,1.0,0.0,1.0,2.0,2.0,14161738381.709831
2.0,1.0,1.0,0.0,0.0,1.0,1.0,3.0,3.0,14337678127.72864
1.0,1.0,1.0,1.0,0.0,1.0,1.0,1.0,3.0,14620310535.395771
1.0,1.0,1.0,1.0,1.0,1.0,0.0,0.0,0.0,7320161921.981714
1.0,1.0,1.0,0.0,1.0,1.0,0.0,0.0,0.0,6051071039.574004
0.0,1.0,0.0,0.0,0.0,0.0,1.0,1.0,1.0,12431780603.935902
1.0,1.0,0.0,1.0,1.0,0.0,1.0,1.0,0.0,13769969898.845802
0.0,1.0,0.0,0.0,0.0,1.0,0.0,3.0,0.0,11294917061.424017
1.0,1.0,0.0,1.0,0.0,1.0,0.0,2.0,3.0,13150575403.426777
0.0,0.0,0.0,1.0,1.0,0.0,0.0,3.0,3.0,12879909016.32271
1.0,0.0,1.0,1.0,0.0,0.0,1.0,3.0,1.0,14232302487.66415
1.0,1.0,0.0,1.0,1.0,1.0,1.0,1.0,2.0,14443499197.66362
0.0,1.0,0.0,1.0,1.0,0.0,1.0,0.0,0.0,6233792140.43487
2.0,0.0,1.0,0.0,1.0,0.0,0.0,3.0,0.0,11668883754.580038
2.0,1.0,1.0,0.0,1.0,1.0,1.0,2.0,3.0,14885870034.445902
0.0,1.0,0.0,0.0,1.0,1.0,1.0,1.0,2.0,12648173350.804678
2.0,0.0,1.0,1.0,0.0,1.0,0.0,3.0,0.0,12133492686.537285
0.0,0.0,0.0,1.0,1.0,0.0,1.0,3.0,0.0,11963267981.988104
2.0,0.0,0.0,1.0,1.0,1.0,1.0,3.0,3.0,14264907898.62215
1.0,1.0,0.0,1.0,0.0,1.0,1.0,3.0,0.0,14577046981.822424
2.0,0.0,0.0,1.0,0.0,0.0,0.0,3.0,3.0,12284333175.684391
2.0,0.0,0.0,0.0,1.0,1.0,1.0,2.0,3.0,14157668288.66353
1.0,0.0,0.0,0.0,0.0,1.0,0.0,0.0,0.0,1568536414.3571274
1.0,1.0,1.0,1.0,0.0,1.0,0.0,1.0,0.0,10742142391.394255
0.0,0.0,1.0,1.0,1.0,0.0,0.0,2.0,3.0,12868373270.329777
2.0,1.0,1.0,1.0,1.0,1.0,0.0,1.0,2.0,13587842685.392525
1.0,1.0,1.0,1.0,0.0,0.0,1.0,1.0,2.0,13972451913.80674
0.0,0.0,1.0,0.0,0.0,0.0,0.0,3.0,2.0,12860297304.353083
2.0,1.0,0.0,0.0,1.0,0.0,0.0,1.0,0.0,8476515812.9402485
0.0,0.0,0.0,1.0,1.0,0.0,0.0,0.0,0.0,3284525287.5601892
1.0,0.0,1.0,0.0,1.0,1.0,1.0,3.0,0.0,14090619592.72473
0.0,1.0,1.0,0.0,0.0,0.0,0.0,2.0,0.0,11355055554.6093
0.0,1.0,0.0,0.0,1.0,0.0,0.0,2.0,1.0,12819017268.498163
0.0,0.0,1.0,1.0,0.0,1.0,1.0,2.0,2.0,14338623807.5642
1.0,1.0,0.0,0.0,0.0,1.0,0.0,1.0,0.0,8721209108.430794
2.0,1.0,0.0,1.0,1.0,1.0,0.0,1.0,1.0,13890586627.254442
0.0,1.0,1.0,0.0,1.0,1.0,1.0,0.0,0.0,7533921481.470321
1.0,0.0,0.0,1.0,0.0,1.0,1.0,2.0,1.0,14639037922.427738
2.0,0.0,0.0,1.0,1.0,1.0,0.0,1.0,3.0,11341636167.116741
0.0,1.0,1.0,0.0,0.0,0.0,1.0,1.0,2.0,12657170413.611015
0.0,1.0,0.0,0.0,0.0,1.0,0.0,1.0,0.0,8467113730.2716255
1.0,1.0,1.0,0.0,1.0,1.0,0.0,3.0,1.0,12953334317.786741
0.0,0.0,1.0,0.0,1.0,1.0,1.0,0.0,0.0,6257234927.885367
2.0,1.0,0.0,0.0,0.0,0.0,0.0,2.0,2.0,13144404427.03541
0.0,0.0,1.0,0.0,1.0,0.0,0.0,1.0,0.0,8609853115.905842
2.0,0.0,1.0,1.0,0.0,0.0,1.0,2.0,0.0,12932729116.229023
1.0,0.0,1.0,1.0,0.0,0.0,0.0,2.0,0.0,11527098479.46044
2.0,1.0,0.0,0.0,0.0,0.0,1.0,3.0,3.0,12797379096.760984
1.0,0.0,0.0,0.0,1.0,1.0,1.0,2.0,2.0,14429639634.179775
1.0,0.0,1.0,1.0,1.0,0.0,1.0,3.0,1.0,14474880292.739979
1.0,0.0,1.0,1.0,1.0,0.0,0.0,2.0,0.0,12524265764.919533
0.0,0.0,1.0,0.0,0.0,0.0,0.0,2.0,1.0,12479113084.47486
0.0,0.0,0.0,1.0,1.0,1.0,0.0,2.0,1.0,13547198439.36274
2.0,0.0,1.0,1.0,0.0,1.0,0.0,3.0,3.0,11937034530.259785
2.0,1.0,1.0,1.0,0.0,0.0,1.0,2.0,3.0,14563926900.7381
2.0,1.0,1.0,1.0,0.0,1.0,0.0,2.0,3.0,13728569702.694094
0.0,0.0,1.0,0.0,0.0,1.0,1.0,1.0,0.0,9422317701.708267
1.0,1.0,0.0,0.0,0.0,0.0,0.0,1.0,2.0,11743484714.680296
2.0,0.0,0.0,1.0,0.0,0.0,0.0,1.0,2.0,11733357112.937082
2.0,0.0,1.0,1.0,0.0,0.0,0.0,1.0,1.0,12307419651.010809
1.0,1.0,1.0,0.0,0.0,0.0,1.0,0.0,0.0,8919094890.250538
1.0,0.0,0.0,1.0,0.0,0.0,1.0,1.0,0.0,10920273268.918282
0.0,1.0,0.0,0.0,1.0,0.0,1.0,1.0,0.0,9662862719.709341
0.0,1.0,1.0,1.0,0.0,0.0,1.0,1.0,0.0,10720963342.88214
0.0,0.0,1.0,1.0,1.0,1.0,1.0,1.0,0.0,11754748918.563099
1.0,1.0,0.0,1.0,0.0,1.0,0.0,3.0,3.0,11739583174.359812
0.0,1.0,1.0,1.0,1.0,1.0,1.0,1.0,3.0,13008417747.124165
0.0,1.0,1.0,1.0,1.0,0.0,0.0,3.0,0.0,12514281924.246046
2.0,1.0,0.0,1.0,0.0,0.0,1.0,3.0,0.0,12733095224.452637
2.0,0.0,1.0,0.0,1.0,1.0,1.0,1.0,1.0,13867452119.154696
0.0,1.0,0.0,1.0,0.0,0.0,0.0,1.0,2.0,11887652176.807428
1.0,1.0,0.0,0.0,0.0,0.0,1.0,2.0,0.0,12469045594.31212
2.0,1.0,0.0,0.0,1.0,0.0,0.0,1.0,1.0,11916238377.198992
1.0,1.0,0.0,1.0,0.0,0.0,1.0,2.0,3.0,12714024713.521238
2.0,1.0,1.0,1.0,1.0,0.0,1.0,0.0,0.0,11117855943.716965
0.0,0.0,1.0,0.0,1.0,1.0,0.0,2.0,0.0,11786670689.850264
2.0,1.0,1.0,1.0,1.0,0.0,0.0,3.0,2.0,12977490542.653767
1.0,1.0,0.0,1.0,0.0,0.0,0.0,2.0,1.0,12501375151.26664
2.0,0.0,1.0,0.0,0.0,1.0,1.0,1.0,2.0,12443630354.494143
2.0,0.0,0.0,1.0,1.0,0.0,0.0,2.0,0.0,11105916010.39958
0.0,1.0,1.0,1.0,0.0,1.0,0.0,1.0,1.0,13671885681.160686
2.0,0.0,1.0,1.0,1.0,1.0,1.0,3.0,3.0,14609780078.98047
1.0,1.0,0.0,0.0,1.0,0.0,0.0,2.0,1.0,12643455810.489769
1.0,1.0,1.0,1.0,0.0,1.0,0.0,0.0,0.0,5766580360.18061
2.0,1.0,0.0,0.0,0.0,0.0,0.0,1.0,2.0,11702585803.359112
0.0,0.0,1.0,0.0,1.0,1.0,1.0,2.0,1.0,14055841045.304787
2.0,1.0,1.0,1.0,1.0,1.0,0.0,3.0,1.0,12377325235.262009
2.0,1.0,0.0,0.0,0.0,0.0,0.0,2.0,2.0,12935790616.11877
2.0,0.0,1.0,0.0,0.0,1.0,0.0,1.0,0.0,8319329129.299013
1.0,1.0,1.0,1.0,0.0,0.0,1.0,2.0,0.0,14681722283.47763
2.0,1.0,0.0,1.0,0.0,0.0,0.0,2.0,1.0,12720752763.265518
2.0,0.0,1.0,0.0,1.0,0.0,1.0,0.0,0.0,8880442601.259247
